frame,track id,type,truncated,occluded,alpha,bbox left,bbox top,bbox right,bbox bottom,score
0,1,Pedestrian,0,0,0.0,383.0,147.0,488.0,357.0,0.8552382588386536
0,2,Pedestrian,0,0,0.0,461.0,134.0,539.0,347.0,0.7719021439552307
1,1,Pedestrian,0,0,-0.3217505543966422,392.0,144.0,499.0,359.0,0.8667673468589783
1,2,Pedestrian,0,0,0.0,475.0,134.0,551.0,341.0,0.701495349407196
2,1,Pedestrian,0,0,0.0,403.0,144.0,509.0,358.0,0.9102243781089783
2,2,Pedestrian,0,0,-0.07677189126977804,488.0,133.0,562.0,337.0,0.7978524565696716
3,1,Pedestrian,0,0,-0.15264932839526515,416.0,142.0,522.0,359.0,0.8502252697944641
3,2,Pedestrian,0,0,-0.06656816377582381,503.0,132.0,580.0,344.0,0.8470249176025391
4,1,Pedestrian,0,0,0.05549850524571683,434.0,143.0,539.0,360.0,0.8820701241493225
4,2,Pedestrian,0,0,0.0,512.0,132.0,592.0,351.0,0.8847066760063171
5,1,Pedestrian,0,0,-0.348771003583907,445.0,139.0,552.0,361.0,0.8678485155105591
5,2,Pedestrian,0,0,0.12435499454676144,520.0,133.0,603.0,356.0,0.8689000606536865
6,1,Pedestrian,0,0,-0.09966865249116202,455.0,138.0,562.0,362.0,0.8742392659187317
6,2,Pedestrian,0,0,0.22679884805388587,533.0,136.0,613.0,354.0,0.8149503469467163
7,1,Pedestrian,0,0,0.0,468.0,138.0,574.0,362.0,0.8734723925590515
7,2,Pedestrian,0,0,0.0,543.0,136.0,621.0,351.0,0.7163658738136292
8,1,Pedestrian,0,0,0.12435499454676144,484.0,140.0,588.0,363.0,0.8136762380599976
8,2,Pedestrian,0,0,0.07130746478529032,557.0,137.0,635.0,353.0,0.7765399217605591
9,1,Pedestrian,0,0,0.23109066719589708,501.0,144.0,601.0,363.0,0.8425406813621521
9,2,Pedestrian,0,0,0.09966865249116202,567.0,138.0,645.0,354.0,0.8299880027770996
9,3,Pedestrian,0,0,0.0,488.0,141.0,513.0,204.0,0.609712541103363
9,4,Pedestrian,0,0,0.0,220.0,137.0,276.0,307.0,0.7452760338783264
10,1,Pedestrian,0,0,0.06656816377582381,516.0,145.0,616.0,364.0,0.8496642112731934
10,4,Pedestrian,0,0,-0.2914567944778671,230.0,134.0,287.0,307.0,0.8108295202255249
11,1,Pedestrian,0,0,0.0,529.0,145.0,628.0,364.0,0.8607784509658813
11,4,Pedestrian,0,0,0.0,240.0,134.0,297.0,309.0,0.8319480419158936
11,2,Pedestrian,0,0,0.0,590.0,137.0,670.0,359.0,0.7891374230384827
12,1,Pedestrian,0,0,0.0,543.0,145.0,643.0,364.0,0.8519461750984192
12,4,Pedestrian,0,0,0.260602391747341,255.0,138.0,313.0,315.0,0.7968422174453735
12,2,Pedestrian,0,0,0.17985349979247828,601.0,139.0,679.0,358.0,0.6052111387252808
12,3,Pedestrian,0,0,0.0,493.0,143.0,517.0,201.0,0.5196272730827332
13,1,Pedestrian,0,0,0.0,557.0,145.0,656.0,364.0,0.8542806506156921
13,4,Pedestrian,0,0,0.0,268.0,138.0,329.0,321.0,0.8321539759635925
13,2,Pedestrian,0,0,-0.058755822715722696,618.0,138.0,695.0,358.0,0.8205135464668274
13,5,Car,1,0,0.0,0.0,0.0,261.0,362.0,0.5637131333351135
13,3,Pedestrian,0,0,-0.4636476090008061,495.0,142.0,519.0,201.0,0.5881465673446655
14,1,Pedestrian,0,0,0.05549850524571683,575.0,146.0,672.0,362.0,0.8007959127426147
14,4,Pedestrian,0,0,0.0,281.0,138.0,343.0,323.0,0.8407418131828308
14,2,Pedestrian,0,0,-0.08314123188844123,630.0,137.0,707.0,358.0,0.8198205232620239
14,5,Car,1,0,0.0,0.0,0.0,260.0,362.0,0.5184680819511414
14,3,Pedestrian,0,0,0.0,496.0,142.0,520.0,202.0,0.6714092493057251
15,1,Pedestrian,0,0,-0.17985349979247828,586.0,144.0,683.0,363.0,0.8336886167526245
15,4,Pedestrian,0,0,0.07677189126977804,294.0,139.0,357.0,325.0,0.8112519383430481
15,2,Pedestrian,0,0,0.0,643.0,137.0,722.0,360.0,0.8031688332557678
15,5,Car,1,0,0.0,0.0,0.0,260.0,362.0,0.6467151045799255
15,3,Pedestrian,0,0,0.0,497.0,142.0,521.0,203.0,0.7014486789703369
16,1,Pedestrian,0,0,-0.12435499454676144,594.0,143.0,694.0,362.0,0.8259639739990234
16,4,Pedestrian,0,0,0.08314123188844123,306.0,140.0,368.0,324.0,0.7592007517814636
16,2,Pedestrian,0,0,0.14189705460416394,657.0,139.0,737.0,361.0,0.8213634490966797
16,5,Car,1,0,0.0,0.0,0.0,259.0,362.0,0.750709056854248
16,3,Pedestrian,0,0,-1.5707963267948966,497.0,139.0,523.0,205.0,0.739226758480072
16,7,Pedestrian,0,0,0.0,246.0,141.0,302.0,330.0,0.7742888927459717
16,8,Pedestrian,0,0,0.0,561.0,140.0,581.0,191.0,0.5822163224220276
17,1,Pedestrian,0,0,0.0,606.0,143.0,707.0,363.0,0.8366201519966125
17,4,Pedestrian,0,0,0.21866894587394195,324.0,144.0,385.0,321.0,0.769894003868103
17,5,Car,1,0,0.0,0.0,0.0,260.0,362.0,0.6940803527832031
17,3,Pedestrian,0,0,-0.4636476090008061,499.0,138.0,525.0,206.0,0.7330699563026428
17,7,Pedestrian,0,0,-1.2120256565243244,249.0,133.0,308.0,331.0,0.7954861521720886
18,1,Pedestrian,0,0,0.21109333322274654,620.0,146.0,720.0,363.0,0.8458492755889893
18,4,Pedestrian,0,0,-0.08314123188844123,336.0,143.0,399.0,322.0,0.8617234230041504
18,3,Pedestrian,0,0,1.5707963267948966,499.0,139.0,526.0,206.0,0.706373929977417
18,7,Pedestrian,0,0,0.12435499454676144,257.0,134.0,316.0,335.0,0.8252452611923218
18,9,Pedestrian,0,0,0.0,1113.0,132.0,1197.0,363.0,0.8273345232009888
18,2,Pedestrian,0,0,0.0,683.0,139.0,761.0,356.0,0.7335734963417053
19,1,Pedestrian,0,0,-0.14888994760949725,640.0,143.0,742.0,362.0,0.8096426725387573
19,4,Pedestrian,0,0,-0.260602391747341,351.0,139.0,417.0,322.0,0.8844040036201477
19,3,Pedestrian,0,0,0.7853981633974483,500.0,140.0,527.0,206.0,0.6784346103668213
19,7,Pedestrian,0,0,-0.3430239404207034,271.0,129.0,334.0,338.0,0.8477994799613953
19,9,Pedestrian,0,0,2.701750070774057,1096.0,140.0,1180.0,363.0,0.8260993957519531
20,1,Pedestrian,0,0,-0.21109333322274654,654.0,140.0,758.0,362.0,0.8243718147277832
20,4,Pedestrian,0,0,0.09065988720074511,362.0,140.0,429.0,324.0,0.8537746071815491
20,3,Pedestrian,0,0,-1.1071487177940904,501.0,138.0,528.0,206.0,0.7038375735282898
20,7,Pedestrian,0,0,0.6435011087932844,279.0,135.0,340.0,339.0,0.813391923904419
20,9,Pedestrian,0,0,3.0309354324158977,1078.0,142.0,1163.0,363.0,0.8200787901878357
21,1,Pedestrian,0,0,0.12435499454676144,670.0,142.0,775.0,364.0,0.8417118191719055
21,4,Pedestrian,0,0,-0.24497866312686414,370.0,138.0,438.0,324.0,0.8113687038421631
21,3,Pedestrian,0,0,0.0,501.0,138.0,528.0,206.0,0.670195996761322
21,7,Pedestrian,0,0,0.35877067027057225,287.0,138.0,349.0,341.0,0.8073642253875732
21,9,Pedestrian,0,0,-3.115957245068116,1039.0,141.0,1126.0,363.0,0.8084068298339844
22,1,Pedestrian,0,0,0.0,686.0,142.0,793.0,364.0,0.8459347486495972
22,4,Pedestrian,0,0,0.06656816377582381,385.0,139.0,453.0,325.0,0.8377593159675598
22,3,Pedestrian,0,0,-0.7853981633974483,503.0,136.0,531.0,207.0,0.6522234082221985
22,7,Pedestrian,0,0,-0.12435499454676144,295.0,137.0,358.0,341.0,0.837028443813324
22,9,Pedestrian,0,0,3.0845118711835284,1004.0,143.0,1091.0,363.0,0.8515844941139221
23,1,Pedestrian,0,0,0.0,706.0,142.0,814.0,363.0,0.8159778714179993
23,4,Pedestrian,0,0,-0.17985349979247828,396.0,137.0,467.0,331.0,0.8552858829498291
23,3,Pedestrian,0,0,0.0,506.0,136.0,535.0,208.0,0.6906295418739319
23,7,Pedestrian,0,0,-0.2860514417173182,312.0,132.0,377.0,342.0,0.8403722047805786
23,9,Pedestrian,0,0,3.0890095919788516,966.0,145.0,1055.0,363.0,0.861088752746582
23,8,Pedestrian,0,0,0.0,567.0,144.0,587.0,197.0,0.5134270787239075
24,1,Pedestrian,0,0,-0.17985349979247828,717.0,140.0,825.0,363.0,0.8348308205604553
24,4,Pedestrian,0,0,0.0,403.0,137.0,482.0,345.0,0.8756783604621887
24,3,Pedestrian,0,0,0.0,508.0,136.0,536.0,209.0,0.7440488338470459
24,7,Pedestrian,0,0,0.24497866312686414,324.0,135.0,391.0,345.0,0.8441924452781677
24,9,Pedestrian,0,0,-3.0810606338076862,933.0,143.0,1022.0,360.0,0.8175856471061707
24,8,Pedestrian,0,0,-0.4636476090008061,569.0,143.0,590.0,197.0,0.5380978584289551
25,1,Pedestrian,0,0,-0.10487693873023389,736.0,138.0,846.0,364.0,0.7493072152137756
25,4,Pedestrian,0,0,0.0,415.0,137.0,496.0,349.0,0.8713389039039612
25,3,Pedestrian,0,0,0.4636476090008061,510.0,137.0,539.0,210.0,0.7418889999389648
25,7,Pedestrian,0,0,-0.11065722117389565,333.0,134.0,402.0,347.0,0.8721670508384705
25,9,Pedestrian,0,0,3.104572537715863,906.0,144.0,996.0,361.0,0.8359883427619934
25,5,Car,0,0,0.0,1.0,4.0,259.0,361.0,0.7549334764480591
26,1,Pedestrian,0,0,-0.07677189126977804,749.0,137.0,859.0,363.0,0.7984403967857361
26,4,Pedestrian,0,0,0.0,428.0,137.0,510.0,355.0,0.8561973571777344
26,3,Pedestrian,0,0,0.3217505543966422,513.0,138.0,541.0,211.0,0.6819340586662292
26,7,Pedestrian,0,0,-0.17985349979247828,344.0,132.0,417.0,350.0,0.8557341694831848
26,9,Pedestrian,0,0,-3.0981417581982624,883.0,143.0,974.0,361.0,0.8924113512039185
26,5,Car,0,0,0.0,1.0,4.0,259.0,362.0,0.8149936199188232
27,1,Pedestrian,0,0,0.19739555984988075,764.0,140.0,876.0,363.0,0.8030827641487122
27,4,Pedestrian,0,0,0.12435499454676144,444.0,139.0,521.0,344.0,0.8564043045043945
27,3,Pedestrian,0,0,0.3217505543966422,516.0,139.0,544.0,212.0,0.7069350481033325
27,7,Pedestrian,0,0,-0.348771003583907,355.0,128.0,429.0,349.0,0.8103369474411011
27,9,Pedestrian,0,0,-3.0535852800620527,849.0,140.0,944.0,362.0,0.7822734713554382
27,5,Car,0,0,1.5707963267948966,1.0,5.0,259.0,362.0,0.7529685497283936
27,8,Pedestrian,0,0,0.0,570.0,142.0,592.0,198.0,0.5281386971473694
28,1,Pedestrian,0,0,0.0,773.0,140.0,886.0,364.0,0.7919812202453613
28,4,Pedestrian,0,0,0.07677189126977804,457.0,140.0,536.0,346.0,0.8552254438400269
28,3,Pedestrian,0,0,0.0,519.0,139.0,546.0,212.0,0.6521077156066895
28,7,Pedestrian,0,0,0.35877067027057225,363.0,131.0,438.0,352.0,0.8423216342926025
28,9,Pedestrian,0,0,-2.896613990462929,837.0,137.0,933.0,360.0,0.8536264300346375
28,5,Car,1,0,-1.892546881191539,0.0,2.0,261.0,362.0,0.6050410866737366
28,8,Pedestrian,0,0,-1.5707963267948966,570.0,140.0,592.0,199.0,0.572442889213562
29,4,Pedestrian,0,0,-0.5404195002705842,467.0,134.0,550.0,349.0,0.8682824373245239
29,3,Pedestrian,0,0,-0.24497866312686414,523.0,138.0,550.0,211.0,0.5187174677848816
29,7,Pedestrian,0,0,-0.11065722117389565,372.0,130.0,450.0,357.0,0.8443130254745483
29,9,Pedestrian,0,0,0.0,847.0,137.0,944.0,360.0,0.846964955329895
29,8,Pedestrian,0,0,0.0,572.0,140.0,594.0,199.0,0.650986909866333
29,1,Pedestrian,0,1,-0.07390727470467452,793.9425286910257,138.44937042334172,909.4926106068955,362.28516659274294,0.0
30,4,Pedestrian,0,0,-0.09966865249116202,477.0,133.0,563.0,353.0,0.8704306483268738
30,7,Pedestrian,0,0,-0.09065988720074511,383.0,129.0,464.0,362.0,0.860792875289917
30,9,Pedestrian,0,0,0.0,855.0,137.0,960.0,361.0,0.7222610712051392
30,8,Pedestrian,0,0,1.2490457723982544,573.0,143.0,595.0,199.0,0.6561866998672485
30,1,Pedestrian,0,0,2.7627185374789955,780.0,144.0,886.0,360.0,0.7267518639564514
30,5,Car,1,0,0.0,0.0,1.0,261.0,362.0,0.5273939967155457
30,3,Pedestrian,0,1,0.5590023664066626,525.1862734793707,139.36764662416428,552.2181363196133,212.5857840516112,0.0
31,4,Pedestrian,0,0,-0.15264932839526515,490.0,131.0,575.0,351.0,0.8509594798088074
31,7,Pedestrian,0,0,0.19739555984988075,393.0,131.0,476.0,364.0,0.8719814419746399
31,9,Pedestrian,0,0,-1.0516502125483738,859.0,130.0,975.0,362.0,0.7938351631164551
31,8,Pedestrian,0,0,0.0,574.0,143.0,595.0,199.0,0.6428030133247375
31,1,Pedestrian,0,0,2.79856871316909,766.0,149.0,871.0,361.0,0.8422580361366272
31,5,Car,1,0,0.0,0.0,1.0,261.0,362.0,0.7023659944534302
31,3,Pedestrian,0,1,0.20297791310269978,528.6486053681023,140.0802367565978,555.2880533768863,213.1154536991435,0.0
32,4,Pedestrian,0,0,0.12435499454676144,506.0,133.0,591.0,354.0,0.826481282711029
32,7,Pedestrian,0,0,0.4182243295792291,402.0,135.0,485.0,363.0,0.8568432927131653
32,9,Pedestrian,0,0,2.4756234162106834,845.0,141.0,963.0,362.0,0.8985722064971924
32,1,Pedestrian,0,0,2.9441970937399127,751.0,152.0,852.0,358.0,0.8793811798095703
32,5,Car,0,0,1.2490457723982544,1.0,4.0,261.0,362.0,0.7514755129814148
32,3,Pedestrian,0,1,0.21884102311595868,532.2992757001481,140.89215607497164,558.4816803971866,213.6328684298247,0.0
33,4,Pedestrian,0,0,0.0,524.0,133.0,610.0,355.0,0.8670983910560608
33,7,Pedestrian,0,0,-0.21109333322274654,416.0,132.0,500.0,364.0,0.8633676767349243
33,9,Pedestrian,0,0,0.3671738338182192,858.0,146.0,979.0,362.0,0.887831449508667
33,1,Pedestrian,0,0,3.141592653589793,728.0,152.0,825.0,355.0,0.8499148488044739
33,5,Car,1,0,-2.0344439357957027,0.0,2.0,261.0,362.0,0.5978980660438538
33,3,Pedestrian,0,1,0.23305254415525578,536.1382844755083,141.80340457928577,561.7990173805142,214.1380282436548,0.0
34,4,Pedestrian,0,0,0.0,537.0,133.0,626.0,357.0,0.8717344403266907
34,7,Pedestrian,0,0,-0.23109066719589708,433.0,128.0,519.0,364.0,0.8751950263977051
34,9,Pedestrian,0,0,-0.07677189126977804,884.0,144.0,1011.0,363.0,0.8996085524559021
34,1,Pedestrian,0,0,-3.0981417581982624,705.0,151.0,803.0,354.0,0.870965301990509
34,5,Car,1,0,0.0,0.0,2.0,261.0,362.0,0.5147600173950195
34,3,Pedestrian,0,1,0.24585270329955655,540.1656316941827,142.81398226954022,565.2400643268693,214.6309331406338,0.0
35,4,Pedestrian,0,0,0.16514867741462683,549.0,135.0,638.0,360.0,0.884074866771698
35,7,Pedestrian,0,0,0.18534794999569476,449.0,131.0,536.0,364.0,0.8531101942062378
35,9,Pedestrian,0,0,-0.14189705460416394,912.0,140.0,1045.0,363.0,0.863470733165741
35,1,Pedestrian,0,0,3.036715714859559,686.0,153.0,783.0,352.0,0.8716437816619873
35,5,Car,1,0,-1.5707963267948966,0.0,1.0,262.0,362.0,0.6609136462211609
35,3,Pedestrian,0,1,0.25743816467041725,544.3813173561714,143.923889145735,568.8048212362517,215.1115831207617,0.0
36,4,Pedestrian,0,0,0.05549850524571683,567.0,136.0,654.0,358.0,0.8669590950012207
36,7,Pedestrian,0,0,0.0,464.0,131.0,552.0,364.0,0.8741068840026855
36,9,Pedestrian,0,0,-0.08314123188844123,936.0,138.0,1076.0,363.0,0.8929530382156372
36,1,Pedestrian,0,0,3.0916342578678506,666.0,154.0,763.0,352.0,0.8629895448684692
36,5,Car,1,0,0.0,0.0,1.0,262.0,362.0,0.7381343841552734
36,3,Pedestrian,0,0,-2.1725516446056927,541.0,139.0,570.0,218.0,0.6600377559661865
37,4,Pedestrian,0,0,0.4124104415973873,583.0,143.0,668.0,359.0,0.8749925494194031
37,7,Pedestrian,0,0,0.0,478.0,131.0,568.0,364.0,0.8737974762916565
37,9,Pedestrian,0,0,0.4228539261329407,956.0,147.0,1096.0,363.0,0.8980297446250916
37,1,Pedestrian,0,0,-3.104572537715863,639.0,153.0,734.0,349.0,0.8070870637893677
37,5,Car,1,0,0.0,0.0,1.0,262.0,362.0,0.6114307045936584
37,3,Pedestrian,0,1,0.31461647336176946,545.9944478427185,140.62531942837305,573.9409463296734,218.33115459654104,0.0
38,4,Pedestrian,0,0,0.11065722117389565,601.0,145.0,687.0,359.0,0.8698234558105469
38,7,Pedestrian,0,0,-0.14189705460416394,492.0,129.0,584.0,364.0,0.8730643391609192
38,9,Pedestrian,0,0,-0.23374318086890142,977.0,142.0,1126.0,362.0,0.8931939601898193
38,5,Car,1,0,0.0,0.0,1.0,262.0,362.0,0.5709108114242554
38,1,Pedestrian,0,1,0.009473574706222563,713.1136926515081,153.70214260965665,813.4586211534304,350.30881087814623,0.0
38,3,Pedestrian,0,1,0.16903027140479582,549.8158112780013,141.27746828839517,577.5696012701621,219.07324355005628,0.0
39,4,Pedestrian,0,0,-0.16514867741462683,607.0,144.0,695.0,360.0,0.8809033036231995
39,7,Pedestrian,0,0,-0.11065722117389565,510.0,127.0,604.0,365.0,0.8527045249938965
39,9,Pedestrian,0,0,0.24497866312686414,1005.0,149.0,1158.0,363.0,0.8820011615753174
39,1,Pedestrian,0,1,2.8806965270232574,709.1099629562204,154.77106362440668,809.1589608526147,348.9916872723353,0.0
39,3,Pedestrian,0,1,0.17734090437708233,553.7715419862444,141.98642900264716,581.30468168103,219.8198541674698,0.0
40,7,Pedestrian,0,0,0.15264932839526515,523.0,129.0,616.0,364.0,0.8269448280334473
40,9,Pedestrian,0,0,0.07982998571223732,1030.0,151.0,1187.0,362.0,0.8723052740097046
40,5,Car,1,0,0.0,0.0,3.0,261.0,362.0,0.793997585773468
40,4,Pedestrian,0,1,-0.384886289789869,620.2529477866314,138.6313680443263,711.2916574624022,364.4872077822512,0.0
40,1,Pedestrian,0,1,2.909872478699959,704.3952076617354,155.88355056745343,804.137254763599,347.6156352999245,0.0
40,3,Pedestrian,0,1,0.18508321508938366,557.8616399674477,142.752201571129,585.1461875622772,220.57098644878158,0.0
41,7,Pedestrian,0,0,-0.07130746478529032,537.0,128.0,633.0,363.0,0.851238489151001
41,9,Pedestrian,0,0,0.14888994760949725,1050.0,154.0,1208.0,362.0,0.9124277234077454
41,12,Pedestrian,0,0,0.0,519.0,137.0,540.0,204.0,0.6905165910720825
41,5,Car,1,0,1.5707963267948966,0.0,4.0,261.0,362.0,0.7858990430831909
41,1,Pedestrian,0,0,-2.9374783313324366,618.0,138.0,723.0,359.0,0.8690882325172424
41,4,Pedestrian,0,1,0.013825375688892702,634.2394883952551,138.82474954403074,726.0386819398634,365.7882366441628,0.0
41,3,Pedestrian,0,1,0.1923127330576428,562.0861052216112,143.5747859938407,589.0941189139035,221.32664039399162,0.0
42,7,Pedestrian,0,0,0.0,545.0,128.0,643.0,362.0,0.8807364702224731
42,9,Pedestrian,1,0,-1.1284221038181517,1059.0,135.0,1224.0,362.0,0.8503412008285522
42,5,Car,1,0,-1.5707963267948966,0.0,1.0,262.0,362.0,0.7472384572029114
42,1,Pedestrian,0,0,-0.17985349979247828,629.0,136.0,734.0,362.0,0.8535072207450867
42,3,Pedestrian,0,0,-2.7647425499045157,548.0,138.0,576.0,216.0,0.5033283233642578
42,4,Pedestrian,0,1,0.01462132988937818,648.2961321487223,139.030291016807,740.826850617609,367.05264653085555,0.0
43,7,Pedestrian,0,0,-0.058755822715722696,562.0,127.0,660.0,362.0,0.8293707966804504
43,9,Pedestrian,1,0,0.4444192099010989,1080.0,145.0,1224.0,364.0,0.8299204111099243
43,5,Car,1,0,-1.5707963267948966,0.0,0.0,262.0,362.0,0.615852415561676
43,1,Pedestrian,0,0,-0.05258306161094172,648.0,135.0,753.0,363.0,0.8751891851425171
43,12,Pedestrian,0,0,0.0,518.0,139.0,539.0,205.0,0.6211126446723938
43,3,Pedestrian,0,1,0.2551402736117945,555.139115029358,139.86205669707098,582.6207208254704,217.63784736870133,0.0
43,4,Pedestrian,0,1,0.01540936608952752,662.4228790470332,139.24799246265513,755.6561634956389,368.28043744232946,0.0
44,7,Pedestrian,0,0,-0.12435499454676144,578.0,125.0,677.0,363.0,0.853818416595459
44,5,Car,1,0,0.0,0.0,0.0,262.0,362.0,0.7558548450469971
44,1,Pedestrian,0,0,0.10487693873023389,667.0,137.0,771.0,362.0,0.8982586860656738
44,3,Pedestrian,0,0,2.3604236336856514,555.0,140.0,583.0,221.0,0.7500866651535034
44,4,Pedestrian,0,1,0.016189600890409092,676.6197290901877,139.4778538815751,770.5266205739532,369.4716093785845,0.0
45,7,Pedestrian,0,0,-0.18822150530477075,599.0,121.0,700.0,362.0,0.8438016176223755
45,5,Car,1,0,1.5707963267948966,0.0,3.0,261.0,361.0,0.8465284705162048
45,1,Pedestrian,0,0,0.07130746478529032,681.0,138.0,785.0,362.0,0.8689180016517639
45,13,Pedestrian,0,0,0.0,494.0,136.0,580.0,343.0,0.8213405609130859
45,3,Pedestrian,0,0,0.3217505543966422,558.0,141.0,587.0,223.0,0.748487114906311
45,4,Pedestrian,1,1,0.01696214863380836,690.8866822781856,139.71987527356688,785.4382218525519,370.62616233962063,0.0
46,7,Pedestrian,0,0,-0.058755822715722696,616.0,120.0,719.0,362.0,0.8501161932945251
46,5,Car,1,0,0.0,0.0,3.0,261.0,361.0,0.8905874490737915
46,1,Pedestrian,0,0,-0.09966865249116202,701.0,136.0,805.0,362.0,0.8785184621810913
46,3,Pedestrian,0,0,0.4636476090008061,560.0,142.0,590.0,225.0,0.7105894684791565
46,12,Pedestrian,0,0,0.0,520.0,137.0,543.0,209.0,0.6037903428077698
47,7,Pedestrian,0,0,0.19739555984988075,631.0,123.0,734.0,362.0,0.852254331111908
47,5,Car,1,0,0.0,0.0,3.0,261.0,361.0,0.8470182418823242
47,1,Pedestrian,0,0,-0.3430239404207034,715.0,131.0,821.0,363.0,0.8881803750991821
47,3,Pedestrian,0,0,0.24497866312686414,564.0,143.0,594.0,226.0,0.73790442943573
47,12,Pedestrian,0,0,0.0,522.0,137.0,546.0,210.0,0.6872674822807312
47,13,Pedestrian,0,0,0.0,452.0,140.0,533.0,336.0,0.8445224165916443
48,7,Pedestrian,0,0,-0.11065722117389565,649.0,121.0,753.0,362.0,0.8424695730209351
48,5,Car,0,0,0.0,1.0,3.0,262.0,362.0,0.8606545329093933
48,1,Pedestrian,0,0,-0.07130746478529032,729.0,130.0,835.0,363.0,0.8349289298057556
48,3,Pedestrian,0,0,-0.3217505543966422,567.0,142.0,597.0,225.0,0.6885378360748291
48,12,Pedestrian,0,0,0.0,524.0,137.0,548.0,210.0,0.7224050760269165
48,14,Pedestrian,0,0,0.0,604.0,147.0,624.0,207.0,0.5593277812004089
48,13,Pedestrian,0,0,3.141592653589793,431.0,140.0,512.0,334.0,0.86021488904953
49,7,Pedestrian,0,0,-0.08314123188844123,673.0,119.0,780.0,363.0,0.8483826518058777
49,5,Car,0,0,1.5707963267948966,1.0,4.0,262.0,361.0,0.8901910781860352
49,1,Pedestrian,0,0,0.09966865249116202,749.0,132.0,854.0,363.0,0.8754557371139526
49,3,Pedestrian,0,0,-1.1071487177940904,568.0,140.0,598.0,225.0,0.6626057028770447
49,12,Pedestrian,0,0,-2.0344439357957027,523.0,135.0,548.0,212.0,0.7279574871063232
49,14,Pedestrian,0,0,-1.5707963267948966,604.0,146.0,625.0,208.0,0.6231209635734558
49,13,Pedestrian,0,0,3.0860941483440762,413.0,141.0,494.0,336.0,0.8371066451072693
50,7,Pedestrian,0,0,-0.27094685033842053,691.0,114.0,803.0,364.0,0.8162003755569458
50,5,Car,1,0,3.141592653589793,0.0,4.0,262.0,361.0,0.8750302791595459
50,1,Pedestrian,0,0,0.0,770.0,132.0,874.0,362.0,0.894362211227417
50,3,Pedestrian,0,0,0.16514867741462683,574.0,141.0,602.0,218.0,0.5722427368164062
50,12,Pedestrian,0,0,0.0,523.0,135.0,548.0,211.0,0.7324565649032593
50,14,Pedestrian,0,0,0.0,606.0,146.0,626.0,207.0,0.6242865920066833
50,13,Pedestrian,0,0,3.1016139664665032,388.0,142.0,468.0,335.0,0.8068935871124268
50,15,Pedestrian,0,0,0.0,557.0,139.0,581.0,212.0,0.6234354972839355
51,7,Pedestrian,0,0,0.06241880999595735,707.0,115.0,820.0,363.0,0.8689727187156677
51,5,Car,1,0,-1.5707963267948966,0.0,1.0,262.0,362.0,0.710006833076477
51,1,Pedestrian,0,0,-0.039978687123290044,795.0,131.0,900.0,361.0,0.856107234954834
51,3,Pedestrian,0,0,-1.5707963267948966,574.0,140.0,604.0,224.0,0.7555426359176636
51,12,Pedestrian,0,0,0.0,523.0,135.0,549.0,212.0,0.7522885203361511
51,14,Pedestrian,0,0,0.0,607.0,146.0,628.0,208.0,0.5453900098800659
51,13,Pedestrian,0,0,3.024483909022929,371.0,144.0,448.0,329.0,0.8277612924575806
51,15,Pedestrian,0,0,2.5535900500422257,554.0,141.0,578.0,214.0,0.5658155083656311
52,7,Pedestrian,0,0,0.08314123188844123,719.0,116.0,833.0,361.0,0.8558080196380615
52,5,Car,1,0,0.0,0.0,1.0,262.0,362.0,0.5733097195625305
52,1,Pedestrian,0,0,-0.09966865249116202,815.0,129.0,919.0,361.0,0.8656383752822876
52,3,Pedestrian,0,0,0.0,576.0,140.0,607.0,226.0,0.7269381880760193
52,12,Pedestrian,0,0,0.0,523.0,135.0,549.0,213.0,0.7044262886047363
52,13,Pedestrian,0,0,3.0860941483440762,353.0,145.0,432.0,331.0,0.8922287225723267
53,7,Pedestrian,0,0,-0.21866894587394195,737.0,112.0,857.0,361.0,0.8779485821723938
53,5,Car,1,0,1.5707963267948966,0.0,3.0,261.0,361.0,0.7584328055381775
53,1,Pedestrian,0,0,-0.13552771398550073,837.0,126.0,943.0,362.0,0.8937366604804993
53,3,Pedestrian,0,0,0.4636476090008061,578.0,141.0,609.0,228.0,0.7228990793228149
53,12,Pedestrian,0,0,0.0,523.0,135.0,549.0,214.0,0.6580731868743896
53,13,Pedestrian,0,0,2.8632929945846817,346.0,147.0,423.0,328.0,0.8852039575576782
53,15,Pedestrian,0,0,0.0,553.0,143.0,577.0,213.0,0.5936459302902222
54,7,Pedestrian,0,0,-0.03844259002118798,763.0,111.0,889.0,361.0,0.8854954838752747
54,5,Car,1,0,1.5707963267948966,0.0,4.0,261.0,361.0,0.7345985770225525
54,1,Pedestrian,0,0,0.09966865249116202,867.0,129.0,974.0,362.0,0.887103796005249
54,3,Pedestrian,0,0,0.3217505543966422,581.0,142.0,612.0,230.0,0.7682335376739502
54,12,Pedestrian,0,0,-0.7853981633974483,524.0,134.0,551.0,215.0,0.7399845719337463
54,13,Pedestrian,0,0,-3.0419240010986313,326.0,145.0,403.0,326.0,0.8587936758995056
54,15,Pedestrian,0,0,-1.1071487177940904,554.0,141.0,578.0,213.0,0.6207546591758728
54,14,Pedestrian,0,0,0.0,613.0,147.0,635.0,209.0,0.5260962247848511
55,7,Pedestrian,0,0,-0.17985349979247828,785.0,107.0,919.0,361.0,0.8603289127349854
55,5,Car,1,0,-1.5707963267948966,0.0,2.0,262.0,362.0,0.7158911228179932
55,1,Pedestrian,0,0,0.23554498072086333,892.0,135.0,1001.0,361.0,0.8798319101333618
55,3,Pedestrian,0,0,-0.24497866312686414,585.0,141.0,616.0,231.0,0.7575874328613281
55,12,Pedestrian,0,0,0.0,526.0,134.0,553.0,213.0,0.7394998669624329
55,13,Pedestrian,0,0,2.999695598985629,312.0,147.0,386.0,323.0,0.7722693085670471
55,15,Pedestrian,0,0,-0.3217505543966422,557.0,140.0,581.0,212.0,0.6166514158248901
55,14,Pedestrian,0,0,-0.7853981633974483,614.0,146.0,636.0,210.0,0.5184882879257202
56,7,Pedestrian,0,0,-0.14888994760949725,805.0,104.0,941.0,361.0,0.8176061511039734
56,5,Car,1,0,1.5707963267948966,0.0,4.0,261.0,362.0,0.8038570880889893
56,1,Pedestrian,0,0,0.039978687123290044,917.0,136.0,1031.0,361.0,0.8705223798751831
56,3,Pedestrian,0,0,0.3217505543966422,588.0,142.0,620.0,233.0,0.7480654120445251
56,12,Pedestrian,0,0,-1.5707963267948966,526.0,133.0,554.0,215.0,0.7410712838172913
56,13,Pedestrian,0,0,3.141592653589793,293.0,147.0,367.0,324.0,0.8569942712783813
56,15,Pedestrian,0,0,0.0,557.0,140.0,582.0,213.0,0.5235685110092163
57,7,Pedestrian,0,0,-0.11710874456686428,822.0,102.0,961.0,362.0,0.8508466482162476
57,5,Car,1,0,0.0,0.0,4.0,261.0,362.0,0.7734919786453247
57,1,Pedestrian,0,0,-0.16514867741462683,941.0,132.0,1062.0,361.0,0.8833730816841125
57,3,Pedestrian,0,0,-0.24497866312686414,592.0,141.0,625.0,235.0,0.6998556852340698
57,12,Pedestrian,0,0,0.0,527.0,133.0,555.0,216.0,0.7293736338615417
57,13,Pedestrian,0,0,-2.8842689386187046,274.0,142.0,349.0,324.0,0.8448361754417419
57,15,Pedestrian,0,0,0.0,559.0,140.0,584.0,214.0,0.7097159028053284
58,7,Pedestrian,0,0,0.047583103276983396,843.0,103.0,981.0,362.0,0.8268846869468689
58,5,Car,1,0,0.0,0.0,4.0,261.0,362.0,0.8716260194778442
58,1,Pedestrian,0,0,-0.348771003583907,963.0,124.0,1093.0,361.0,0.8627952337265015
58,3,Pedestrian,0,0,0.0,596.0,141.0,629.0,235.0,0.7256291508674622
58,12,Pedestrian,0,0,0.4636476090008061,529.0,134.0,556.0,215.0,0.7026507258415222
58,13,Pedestrian,0,0,2.9669204545815537,257.0,145.0,328.0,319.0,0.8412315845489502
58,15,Pedestrian,0,0,-0.7853981633974483,560.0,139.0,586.0,215.0,0.6799029111862183
58,16,Cyclist,0,0,0.0,392.0,139.0,433.0,186.0,0.5764890313148499
58,14,Pedestrian,0,0,0.0,618.0,142.0,644.0,217.0,0.5290901064872742
59,7,Pedestrian,0,0,0.07393903765794034,870.0,105.0,1011.0,362.0,0.8494933843612671
59,5,Car,1,0,0.0,0.0,4.0,260.0,362.0,0.7452388405799866
59,1,Pedestrian,0,0,-0.03844259002118798,989.0,123.0,1127.0,361.0,0.8436147570610046
59,3,Pedestrian,0,0,-0.24497866312686414,600.0,140.0,634.0,236.0,0.7697822451591492
59,12,Pedestrian,0,0,-0.7853981633974483,530.0,133.0,558.0,215.0,0.7299275994300842
59,13,Pedestrian,0,0,3.141592653589793,239.0,145.0,309.0,318.0,0.8422843217849731
59,15,Pedestrian,0,0,-0.4636476090008061,562.0,138.0,587.0,215.0,0.7714505195617676
59,16,Cyclist,0,0,2.5535900500422257,389.0,141.0,431.0,190.0,0.6245546936988831
60,7,Pedestrian,0,0,-0.21866894587394195,897.0,99.0,1044.0,362.0,0.8467705845832825
60,5,Car,1,0,-1.5707963267948966,0.0,2.0,261.0,362.0,0.7028940320014954
60,1,Pedestrian,0,0,0.2825549524695875,1020.0,132.0,1164.0,361.0,0.8055599331855774
60,3,Pedestrian,0,0,-0.24497866312686414,604.0,139.0,638.0,236.0,0.7440460920333862
60,12,Pedestrian,0,0,0.0,531.0,133.0,560.0,216.0,0.716053307056427
60,13,Pedestrian,0,0,-3.0309354324158977,230.0,144.0,299.0,317.0,0.7327892780303955
60,15,Pedestrian,0,0,0.0,563.0,138.0,589.0,214.0,0.7732537984848022
60,16,Cyclist,0,0,2.896613990462929,385.0,142.0,426.0,190.0,0.5105394721031189
61,7,Pedestrian,0,0,-0.10308160852270024,926.0,96.0,1077.0,362.0,0.8164063096046448
61,5,Car,1,0,-1.5707963267948966,0.0,1.0,261.0,362.0,0.5506835579872131
61,1,Pedestrian,0,0,0.0,1045.0,132.0,1194.0,361.0,0.8644238114356995
61,3,Pedestrian,0,0,0.0,605.0,139.0,641.0,240.0,0.7675585150718689
61,12,Pedestrian,0,0,0.7853981633974483,532.0,134.0,561.0,216.0,0.646314799785614
61,15,Pedestrian,0,0,0.0,564.0,138.0,590.0,216.0,0.753975510597229
61,13,Pedestrian,0,1,-3.0565246347718777,213.24724848586277,142.57142897161037,280.70329239470345,314.71428491652523,0.0
62,7,Pedestrian,0,0,0.03224688243525392,957.0,97.0,1112.0,362.0,0.8305370211601257
62,5,Car,1,0,0.0,0.0,1.0,263.0,362.0,0.695035994052887
62,1,Pedestrian,0,0,-0.3028848683749714,1061.0,127.0,1215.0,361.0,0.8651909828186035
62,3,Pedestrian,0,0,0.3217505543966422,608.0,140.0,644.0,242.0,0.7983359098434448
62,12,Pedestrian,0,0,0.0,534.0,134.0,563.0,217.0,0.7138392925262451
62,15,Pedestrian,0,0,-1.5707963267948966,564.0,137.0,591.0,218.0,0.7585152387619019
62,13,Pedestrian,0,1,-3.0576024400286754,198.68021353097572,141.3450554792908,264.56043321820647,312.8373614136677,0.0
63,7,Pedestrian,0,0,0.09966865249116202,987.0,100.0,1149.0,363.0,0.8611121773719788
63,5,Car,1,0,-1.5707963267948966,0.0,0.0,263.0,362.0,0.560444712638855
63,3,Pedestrian,0,0,-0.4636476090008061,610.0,139.0,647.0,244.0,0.7905861735343933
63,12,Pedestrian,0,0,-0.7853981633974483,535.0,133.0,565.0,219.0,0.7075617909431458
63,15,Pedestrian,0,0,-0.7853981633974483,565.0,136.0,593.0,218.0,0.7717909216880798
63,1,Pedestrian,0,1,-3.119688933351826,940.45145776184,124.35911610064939,1073.6046960784174,360.984837076364,0.0
63,13,Pedestrian,0,1,-3.0420746827901755,184.41674973049248,139.92087980183166,248.64284848395621,310.9192290536618,0.0
64,7,Pedestrian,0,0,-0.09966865249116202,1017.0,97.0,1187.0,362.0,0.9108724594116211
64,5,Car,1,0,0.0,0.0,0.0,263.0,362.0,0.5928080677986145
64,3,Pedestrian,0,0,0.0,617.0,139.0,655.0,245.0,0.8133266568183899
64,12,Pedestrian,0,0,-1.5707963267948966,535.0,132.0,565.0,219.0,0.724445641040802
64,15,Pedestrian,0,0,1.1071487177940904,566.0,138.0,594.0,218.0,0.7905461192131042
64,17,Cyclist,0,0,0.0,435.0,140.0,468.0,193.0,0.6203383207321167
64,1,Pedestrian,0,1,-0.12069836975000675,948.2423895775864,123.4141701811316,1083.1645782337132,361.0067900003815,0.0
64,13,Pedestrian,0,1,-3.025922877775145,170.4568570844131,138.29890193923293,232.95053819195272,308.9598878365076,0.0
65,7,Pedestrian,0,0,-0.2536740961386427,1044.0,90.0,1219.0,362.0,0.8788038492202759
65,3,Pedestrian,0,0,0.24497866312686414,621.0,140.0,659.0,246.0,0.8180451393127441
65,12,Pedestrian,0,0,0.0,535.0,132.0,566.0,220.0,0.7687577605247498
65,15,Pedestrian,0,0,0.4636476090008061,568.0,139.0,596.0,218.0,0.7478258013725281
65,1,Pedestrian,0,1,-0.12350733938538383,956.0277753037095,122.44769869368346,1092.7633068199314,361.0298055238139,0.0
65,13,Pedestrian,0,1,-3.0091175887342607,156.80053559273753,136.47912189149463,217.48350234219595,306.95933776220517,0.0
66,7,Pedestrian,1,0,-0.26916749278570046,1073.0,82.0,1224.0,363.0,0.8475741147994995
66,3,Pedestrian,0,0,0.4636476090008061,625.0,142.0,663.0,248.0,0.8538910150527954
66,12,Pedestrian,0,0,0.7853981633974483,537.0,134.0,567.0,220.0,0.7263422608375549
66,15,Pedestrian,0,0,0.0,570.0,139.0,598.0,218.0,0.6345981955528259
66,1,Pedestrian,0,1,-0.12631835210370024,963.8076149402092,121.45970163830499,1102.400881837072,361.05388364666106,0.0
66,13,Pedestrian,0,1,-2.9916284284133767,143.44778525546582,134.46153965861674,202.2417409346859,304.9175788307544,0.0
67,7,Pedestrian,1,0,0.4795192919925962,1098.0,95.0,1224.0,364.0,0.7746457457542419
67,3,Pedestrian,0,0,-0.3217505543966422,628.0,141.0,667.0,250.0,0.8471817970275879
67,12,Pedestrian,0,0,0.4636476090008061,539.0,135.0,569.0,222.0,0.7752500772476196
67,15,Pedestrian,0,0,0.7853981633974483,572.0,141.0,599.0,219.0,0.6933361887931824
67,1,Pedestrian,0,1,-0.12913136566291483,971.5819084870855,120.45017901499618,1112.0773032851348,361.07902436892306,0.0
67,13,Pedestrian,0,1,-2.9734241625055873,130.39860607259794,132.24615524059928,187.2252539694226,302.8346110421553,0.0
68,3,Pedestrian,0,0,0.0,633.0,141.0,673.0,251.0,0.8104045987129211
68,12,Pedestrian,0,0,0.0,540.0,135.0,570.0,222.0,0.772222638130188
68,15,Pedestrian,0,0,-0.4636476090008061,574.0,140.0,602.0,220.0,0.7256290316581726
68,1,Pedestrian,0,1,-0.1319463376341724,979.3506559443383,119.41913082375703,1121.79257116412,361.1052276905999,0.0
68,13,Pedestrian,0,1,-2.9544728494734596,117.65299804413391,129.83296863744224,172.434041446406,300.7104343964079,0.0
69,3,Pedestrian,0,0,-0.19739555984988075,638.0,140.0,678.0,252.0,0.7978986501693726
69,12,Pedestrian,0,0,0.0,540.0,135.0,570.0,221.0,0.7628486752510071
69,15,Pedestrian,0,0,-0.24497866312686414,578.0,139.0,605.0,218.0,0.6945794820785522
69,1,Pedestrian,0,1,-0.13476322540537633,987.1138573119678,118.36655706458752,1131.5466854740278,361.1324936116916,0.0
69,13,Pedestrian,0,1,-2.9347420226088037,105.21096117007373,127.22197984914561,157.86810336563616,298.54504889351216,0.0
70,3,Pedestrian,0,0,0.0,643.0,140.0,685.0,255.0,0.8314201831817627
70,12,Pedestrian,0,0,0.0,540.0,135.0,571.0,222.0,0.6907021403312683
70,15,Pedestrian,0,0,0.3217505543966422,581.0,140.0,609.0,221.0,0.7426894903182983
70,1,Pedestrian,0,1,-0.1375819861847943,994.8715125899738,117.29245773748768,1141.3396462148578,361.16082213219806,0.0
70,13,Pedestrian,0,1,-2.914198921282798,93.07249545041739,124.4131888757094,143.52743972711303,296.3384545334681,0.0
71,3,Pedestrian,0,0,0.19739555984988075,648.0,141.0,691.0,258.0,0.8368969559669495
71,12,Pedestrian,0,0,-0.7853981633974483,541.0,134.0,572.0,221.0,0.7247207760810852
71,15,Pedestrian,0,0,0.7853981633974483,582.0,141.0,611.0,222.0,0.7295412421226501
71,1,Pedestrian,0,1,-0.1404025770047234,1002.6236217783564,116.1968328424575,1151.1714533866102,361.1902132521194,0.0
71,13,Pedestrian,0,1,-2.8928107788096002,81.23760088516488,121.4065957171336,129.41205053083664,294.09065131627574,0.0
72,3,Pedestrian,0,0,0.19739555984988075,653.0,142.0,696.0,260.0,0.8179386854171753
72,12,Pedestrian,0,0,0.7853981633974483,542.0,135.0,573.0,223.0,0.7015662789344788
72,15,Pedestrian,0,0,0.4636476090008061,584.0,142.0,613.0,223.0,0.7285745143890381
72,1,Pedestrian,0,1,-0.1432249547251774,1010.3701848771157,115.07968237949697,1161.042106989285,361.22066697145556,0.0
72,13,Pedestrian,0,1,-2.8705451746213466,69.70627747431621,118.20220037341822,115.52193577680697,291.80163924193505,0.0
73,3,Pedestrian,0,0,0.0,661.0,142.0,704.0,261.0,0.7977319955825806
73,12,Pedestrian,0,0,0.7853981633974483,543.0,136.0,573.0,221.0,0.7137364149093628
73,15,Pedestrian,0,0,-0.5880026035475675,587.0,140.0,616.0,224.0,0.7490981817245483
73,1,Pedestrian,0,1,-0.14604907603762335,1018.1112018862515,113.94100634860611,1170.9516070228822,361.2521832902065,0.0
73,13,Pedestrian,0,1,-2.8473704584283053,58.47852521787138,114.80000284456327,101.85709546502403,289.47141831044604,0.0
74,3,Pedestrian,0,0,-0.12435499454676144,669.0,141.0,713.0,262.0,0.7718851566314697
74,12,Pedestrian,0,0,-1.5707963267948966,543.0,135.0,572.0,217.0,0.7093057036399841
74,15,Pedestrian,0,0,0.0,589.0,140.0,619.0,224.0,0.7914041876792908
74,14,Pedestrian,0,0,0.0,649.0,144.0,677.0,224.0,0.6990635991096497
74,1,Pedestrian,0,1,-0.14887489746875282,1025.846672805764,112.7808047497849,1180.8999534874017,361.28476220837234,0.0
74,13,Pedestrian,0,1,-2.823256253586518,47.55434411583039,111.20000313056873,88.41752959548782,287.0999885218087,0.0
75,3,Pedestrian,0,0,0.0,674.0,141.0,719.0,264.0,0.8258365988731384
75,12,Pedestrian,0,0,-2.0344439357957027,542.0,133.0,573.0,224.0,0.7775617241859436
75,15,Pedestrian,0,0,0.0,592.0,140.0,622.0,225.0,0.7733922004699707
75,14,Pedestrian,0,0,0.0,652.0,144.0,680.0,223.0,0.7328320741653442
75,1,Pedestrian,0,1,-0.15170237538430245,1033.5765976356531,111.59907758303336,1190.8871463828436,361.318403725953,0.0
75,13,Pedestrian,0,1,-2.7981740458642284,36.93373416819324,107.40220123143462,75.20323816819834,284.68734987602306,0.0
76,3,Pedestrian,0,0,0.3217505543966422,680.0,143.0,725.0,267.0,0.7877131104469299
76,12,Pedestrian,0,0,-0.7853981633974483,543.0,132.0,575.0,224.0,0.8053387999534607
76,15,Pedestrian,0,0,0.24497866312686414,596.0,141.0,626.0,225.0,0.7714440226554871
76,14,Pedestrian,0,0,0.7853981633974483,654.0,146.0,683.0,224.0,0.7669745683670044
76,1,Pedestrian,0,1,-0.15453146599289452,1041.3009763759187,110.39582484835147,1200.913185709208,361.3531078429484,0.0
76,13,Pedestrian,0,1,-2.7720978620152676,26.616695374959924,103.40659714716092,62.21422118315559,282.2335023730891,0.0
77,3,Pedestrian,0,0,0.0,685.0,143.0,732.0,269.0,0.8209183812141418
77,12,Pedestrian,0,0,0.0,545.0,132.0,576.0,223.0,0.7777512669563293
77,15,Pedestrian,0,0,0.0,599.0,141.0,630.0,226.0,0.7426959872245789
77,14,Pedestrian,0,0,0.0,657.0,146.0,685.0,223.0,0.7434094548225403
77,1,Pedestrian,0,1,-0.1573621253499132,1049.019809026561,109.17104654573923,1210.9780714664946,361.3888745593587,0.0
77,13,Pedestrian,0,1,-2.7450050398499517,16.60322773613045,99.21319087774765,49.45047864035956,279.7384460130068,0.0
78,3,Pedestrian,0,0,-0.27829965900511133,692.0,141.0,739.0,270.0,0.81939297914505
78,12,Pedestrian,0,0,-0.4636476090008061,547.0,131.0,580.0,227.0,0.7904946208000183
78,15,Pedestrian,0,0,0.3217505543966422,602.0,142.0,634.0,227.0,0.7901924252510071
78,14,Pedestrian,0,0,0.0,660.0,146.0,688.0,224.0,0.7611271739006042
78,1,Pedestrian,0,1,-0.16019430936145987,1056.7330955875798,107.92474267519665,1221.0818036547037,361.42570387518384,0.0
78,13,Pedestrian,0,1,-2.716877087666542,6.893331251704813,94.8219824231948,36.91201053981027,277.2021807957762,0.0
79,3,Pedestrian,0,0,0.14189705460416394,699.0,142.0,747.0,273.0,0.8342592120170593
79,12,Pedestrian,0,0,-1.5707963267948966,547.0,130.0,582.0,231.0,0.7740536332130432
79,15,Pedestrian,0,0,-0.4636476090008061,604.0,141.0,636.0,228.0,0.7611331343650818
79,14,Pedestrian,0,0,0.5880026035475675,663.0,148.0,691.0,224.0,0.7499613165855408
79,1,Pedestrian,1,1,-0.16302797378826903,1064.4408360589753,106.65691323672374,1231.224382273835,361.46359579042377,0.0
79,13,Pedestrian,1,1,-2.6877006258273224,-2.512994078316985,90.23297178350236,24.59881688150771,274.6247067213973,0.0
80,3,Pedestrian,0,0,0.16514867741462683,705.0,143.0,755.0,277.0,0.8192760944366455
80,12,Pedestrian,0,0,0.7853981633974483,548.0,131.0,583.0,233.0,0.7948420643806458
80,15,Pedestrian,0,0,-0.4636476090008061,606.0,140.0,639.0,228.0,0.7722488045692444
80,14,Pedestrian,0,0,0.0,665.0,148.0,694.0,226.0,0.7722840905189514
81,3,Pedestrian,0,0,0.27829965900511133,712.0,145.0,762.0,280.0,0.8236314654350281
81,12,Pedestrian,0,0,0.0,548.0,131.0,584.0,235.0,0.7956151962280273
81,15,Pedestrian,0,0,0.3217505543966422,609.0,141.0,642.0,230.0,0.8004748821258545
81,14,Pedestrian,0,0,0.0,668.0,148.0,697.0,227.0,0.8055399656295776
82,3,Pedestrian,0,0,0.0,718.0,145.0,769.0,282.0,0.8420266509056091
82,12,Pedestrian,0,0,0.4636476090008061,552.0,133.0,586.0,231.0,0.7781410813331604
82,15,Pedestrian,0,0,0.4636476090008061,611.0,142.0,644.0,232.0,0.8203365206718445
82,14,Pedestrian,0,0,-0.4636476090008061,670.0,147.0,700.0,228.0,0.8029095530509949
83,3,Pedestrian,0,0,-0.16514867741462683,724.0,144.0,776.0,284.0,0.8359665274620056
83,12,Pedestrian,0,0,-1.5707963267948966,552.0,131.0,588.0,234.0,0.7809233069419861
83,15,Pedestrian,0,0,-0.7853981633974483,613.0,140.0,647.0,234.0,0.7911865711212158
83,14,Pedestrian,0,0,-0.4636476090008061,672.0,146.0,703.0,230.0,0.785186767578125
84,3,Pedestrian,0,0,0.0,733.0,144.0,786.0,287.0,0.8544049859046936
84,12,Pedestrian,0,0,-0.4636476090008061,554.0,130.0,590.0,236.0,0.787926197052002
84,15,Pedestrian,0,0,0.0,615.0,140.0,650.0,234.0,0.7794011235237122
84,14,Pedestrian,0,0,0.3217505543966422,675.0,147.0,707.0,231.0,0.7605534791946411
85,3,Pedestrian,0,0,-0.14189705460416394,740.0,143.0,795.0,289.0,0.8516916036605835
85,12,Pedestrian,0,0,0.0,555.0,130.0,592.0,237.0,0.7647925019264221
85,15,Pedestrian,0,0,0.0,618.0,140.0,653.0,235.0,0.7811490893363953
85,14,Pedestrian,0,0,0.0,678.0,147.0,711.0,232.0,0.7680874466896057
86,3,Pedestrian,0,0,0.16514867741462683,746.0,144.0,803.0,295.0,0.8310976624488831
86,12,Pedestrian,0,0,-0.4636476090008061,557.0,129.0,595.0,240.0,0.8000604510307312
86,15,Pedestrian,0,0,0.3217505543966422,621.0,141.0,657.0,237.0,0.8121606707572937
86,14,Pedestrian,0,0,-0.3217505543966422,681.0,146.0,714.0,232.0,0.8181089758872986
86,5,Car,1,0,0.0,0.0,0.0,263.0,362.0,0.5519371628761292
87,3,Pedestrian,0,0,0.0,751.0,144.0,811.0,300.0,0.8219075798988342
87,12,Pedestrian,0,0,0.0,560.0,129.0,599.0,241.0,0.7498443722724915
87,15,Pedestrian,0,0,0.0,624.0,141.0,660.0,239.0,0.8154051303863525
87,14,Pedestrian,0,0,0.0,684.0,146.0,717.0,233.0,0.8198524117469788
87,5,Car,1,0,1.5707963267948966,0.0,1.0,263.0,362.0,0.6024219989776611
88,3,Pedestrian,0,0,-0.3217505543966422,760.0,141.0,821.0,300.0,0.8453577160835266
88,12,Pedestrian,0,0,0.3217505543966422,563.0,130.0,601.0,242.0,0.6899439096450806
88,15,Pedestrian,0,0,0.0,626.0,141.0,663.0,241.0,0.8143519163131714
88,14,Pedestrian,0,0,0.0,687.0,146.0,721.0,235.0,0.8298856019973755
88,5,Car,1,0,0.0,0.0,1.0,262.0,362.0,0.616136908531189
89,3,Pedestrian,0,0,0.0,769.0,141.0,831.0,304.0,0.8477770686149597
89,12,Pedestrian,0,0,0.0,566.0,130.0,605.0,243.0,0.7518717050552368
89,15,Pedestrian,0,0,-0.7853981633974483,627.0,140.0,665.0,242.0,0.8336345553398132
89,14,Pedestrian,0,0,0.4636476090008061,691.0,148.0,726.0,236.0,0.8136962056159973
90,3,Pedestrian,0,0,0.09966865249116202,779.0,142.0,843.0,308.0,0.8595123291015625
90,12,Pedestrian,0,0,0.4636476090008061,568.0,131.0,608.0,246.0,0.759184718132019
90,15,Pedestrian,0,0,0.0,629.0,140.0,667.0,243.0,0.7665510177612305
90,14,Pedestrian,0,0,0.24497866312686414,695.0,149.0,730.0,237.0,0.8190760016441345
91,3,Pedestrian,0,0,0.0,785.0,142.0,853.0,317.0,0.8525416851043701
91,12,Pedestrian,0,0,0.0,571.0,131.0,611.0,248.0,0.7874013185501099
91,15,Pedestrian,0,0,1.5707963267948966,629.0,141.0,667.0,245.0,0.7788534760475159
91,14,Pedestrian,0,0,-0.7853981633974483,697.0,147.0,733.0,237.0,0.8138335347175598
91,5,Car,1,0,0.0,0.0,0.0,263.0,362.0,0.6521040797233582
92,3,Pedestrian,0,0,0.0,795.0,142.0,866.0,323.0,0.8444724678993225
92,12,Pedestrian,0,0,-0.4636476090008061,573.0,130.0,615.0,250.0,0.8190637826919556
92,15,Pedestrian,0,0,-1.5707963267948966,629.0,140.0,669.0,247.0,0.7949461936950684
92,14,Pedestrian,0,0,0.0,700.0,147.0,737.0,240.0,0.8015485405921936
92,5,Car,1,0,0.0,0.0,0.0,263.0,362.0,0.6009677648544312
93,3,Pedestrian,0,0,-0.15264932839526515,808.0,140.0,879.0,322.0,0.8406445384025574
93,12,Pedestrian,0,0,0.3805063771123649,578.0,132.0,619.0,251.0,0.7946719527244568
93,15,Pedestrian,0,0,-0.7853981633974483,630.0,139.0,672.0,249.0,0.78653883934021
93,14,Pedestrian,0,0,0.19739555984988075,705.0,148.0,742.0,240.0,0.7809047102928162
94,3,Pedestrian,0,0,0.0,825.0,140.0,895.0,324.0,0.8570444583892822
94,12,Pedestrian,0,0,0.0,582.0,132.0,623.0,253.0,0.7755512595176697
94,15,Pedestrian,0,0,0.0,632.0,139.0,673.0,249.0,0.7794252634048462
94,14,Pedestrian,0,0,0.16514867741462683,711.0,149.0,748.0,242.0,0.8245530128479004
95,3,Pedestrian,0,0,0.22679884805388587,838.0,143.0,911.0,328.0,0.8692065477371216
95,12,Pedestrian,0,0,0.0,585.0,132.0,626.0,254.0,0.7780874371528625
95,15,Pedestrian,0,0,0.7853981633974483,633.0,140.0,675.0,252.0,0.7911416888237
95,14,Pedestrian,0,0,-0.24497866312686414,715.0,148.0,753.0,243.0,0.8362135291099548
96,3,Pedestrian,0,0,0.09065988720074511,849.0,144.0,928.0,337.0,0.854581356048584
96,12,Pedestrian,0,0,0.0,586.0,132.0,630.0,259.0,0.7694234848022461
96,15,Pedestrian,0,0,0.5880026035475675,636.0,142.0,678.0,254.0,0.8143725991249084
96,14,Pedestrian,0,0,0.0,718.0,148.0,757.0,244.0,0.8240344524383545
97,3,Pedestrian,0,0,0.0,862.0,144.0,941.0,340.0,0.8635185956954956
97,12,Pedestrian,0,0,-0.4636476090008061,590.0,130.0,634.0,258.0,0.7486884593963623
97,15,Pedestrian,0,0,0.4636476090008061,638.0,143.0,680.0,256.0,0.8308282494544983
97,14,Pedestrian,0,0,0.19739555984988075,723.0,149.0,762.0,245.0,0.7996114492416382
97,5,Car,1,0,0.0,0.0,0.0,263.0,362.0,0.5981904864311218
98,3,Pedestrian,0,0,-0.13255153229667402,877.0,142.0,956.0,341.0,0.8577096462249756
98,12,Pedestrian,0,0,-0.3217505543966422,593.0,129.0,637.0,258.0,0.719510555267334
98,15,Pedestrian,0,0,-0.4636476090008061,642.0,141.0,684.0,254.0,0.7985381484031677
98,14,Pedestrian,0,0,0.0,728.0,149.0,767.0,247.0,0.8547178506851196
98,5,Car,1,0,0.0,0.0,0.0,263.0,362.0,0.5633618831634521
99,3,Pedestrian,0,0,0.0,893.0,142.0,974.0,347.0,0.8823522329330444
99,12,Pedestrian,0,0,-0.4636476090008061,595.0,128.0,639.0,259.0,0.7653905153274536
99,15,Pedestrian,0,0,0.7853981633974483,643.0,142.0,686.0,258.0,0.7946329712867737
99,14,Pedestrian,0,0,0.3217505543966422,731.0,150.0,771.0,248.0,0.8480657339096069
99,5,Car,1,0,0.0,0.0,0.0,263.0,362.0,0.6305503845214844
100,3,Pedestrian,0,0,0.07677189126977804,906.0,143.0,992.0,353.0,0.8266137838363647
100,12,Pedestrian,0,0,0.4636476090008061,599.0,130.0,643.0,260.0,0.7885282039642334
100,15,Pedestrian,0,0,0.7853981633974483,646.0,145.0,689.0,261.0,0.8055660128593445
100,14,Pedestrian,0,0,0.0,734.0,150.0,775.0,249.0,0.7962741255760193
100,5,Car,1,0,0.0,0.0,0.0,263.0,362.0,0.5487581491470337
101,3,Pedestrian,0,0,-0.06241880999595735,922.0,142.0,1013.0,360.0,0.8470638394355774
101,12,Pedestrian,0,0,-0.3217505543966422,602.0,129.0,646.0,262.0,0.7813816070556641
101,15,Pedestrian,0,0,0.0,648.0,145.0,693.0,265.0,0.8390241861343384
101,14,Pedestrian,0,0,-0.19739555984988075,739.0,149.0,781.0,250.0,0.8299711346626282
101,5,Car,1,0,0.0,0.0,0.0,263.0,362.0,0.555182158946991
102,3,Pedestrian,0,0,0.0,939.0,142.0,1032.0,364.0,0.8467339277267456
102,12,Pedestrian,0,0,0.0,605.0,129.0,651.0,264.0,0.7874282598495483
102,15,Pedestrian,0,0,0.0,652.0,145.0,697.0,265.0,0.830510675907135
102,14,Pedestrian,0,0,0.0,744.0,149.0,786.0,252.0,0.8426490426063538
102,5,Car,1,0,0.0,0.0,0.0,263.0,362.0,0.5064141750335693
103,3,Pedestrian,0,0,-0.14888994760949725,959.0,139.0,1052.0,363.0,0.8580544590950012
103,12,Pedestrian,0,0,-1.2490457723982544,606.0,126.0,655.0,269.0,0.7797998785972595
103,15,Pedestrian,0,0,-0.19739555984988075,657.0,144.0,703.0,268.0,0.7806369066238403
103,14,Pedestrian,0,0,0.0,750.0,149.0,793.0,252.0,0.8175598382949829
104,3,Pedestrian,0,0,-0.09966865249116202,979.0,137.0,1075.0,364.0,0.8410131931304932
104,12,Pedestrian,0,0,0.0,609.0,126.0,660.0,274.0,0.8214642405509949
104,15,Pedestrian,0,0,0.19739555984988075,662.0,145.0,708.0,268.0,0.759841799736023
104,14,Pedestrian,0,0,0.0,753.0,149.0,796.0,252.0,0.8694616556167603
105,3,Pedestrian,0,0,0.11065722117389565,997.0,139.0,1094.0,364.0,0.8163068890571594
105,12,Pedestrian,0,0,0.24497866312686414,613.0,127.0,664.0,278.0,0.8279709815979004
105,15,Pedestrian,0,0,0.0,665.0,145.0,712.0,271.0,0.8404560685157776
105,14,Pedestrian,0,0,0.16514867741462683,759.0,150.0,803.0,254.0,0.8545246720314026
106,3,Pedestrian,0,0,0.09065988720074511,1019.0,141.0,1117.0,364.0,0.8115014433860779
106,12,Pedestrian,0,0,1.1071487177940904,614.0,129.0,666.0,282.0,0.8338412642478943
106,15,Pedestrian,0,0,0.3217505543966422,671.0,147.0,718.0,273.0,0.8221601843833923
106,14,Pedestrian,0,0,-0.19739555984988075,764.0,149.0,809.0,255.0,0.8437051177024841
107,3,Pedestrian,0,0,-0.037020115873930025,1046.0,140.0,1143.0,362.0,0.8083944916725159
107,12,Pedestrian,0,0,-1.5707963267948966,614.0,127.0,668.0,285.0,0.8534491658210754
107,15,Pedestrian,0,0,-0.24497866312686414,675.0,146.0,723.0,275.0,0.8693422079086304
107,14,Pedestrian,0,0,0.0,770.0,149.0,816.0,259.0,0.8732219338417053
108,3,Pedestrian,0,0,-0.11065722117389565,1073.0,137.0,1171.0,362.0,0.7990021109580994
108,12,Pedestrian,0,0,-1.5707963267948966,614.0,126.0,668.0,285.0,0.843567967414856
108,15,Pedestrian,0,0,-0.4636476090008061,677.0,145.0,728.0,279.0,0.85245680809021
108,14,Pedestrian,0,0,0.16514867741462683,776.0,150.0,824.0,262.0,0.8220500946044922
108,5,Car,1,0,0.0,0.0,0.0,263.0,362.0,0.5067682862281799
109,3,Pedestrian,0,0,-0.03844259002118798,1099.0,136.0,1200.0,363.0,0.8049893975257874
109,12,Pedestrian,0,0,0.0,617.0,126.0,672.0,285.0,0.8356440663337708
109,15,Pedestrian,0,0,0.3805063771123649,682.0,147.0,733.0,282.0,0.8311778903007507
109,14,Pedestrian,0,0,-0.24497866312686414,780.0,149.0,829.0,265.0,0.8394742608070374
110,3,Pedestrian,0,0,-0.058755822715722696,1116.0,135.0,1219.0,363.0,0.7550798654556274
110,12,Pedestrian,0,0,0.4636476090008061,621.0,128.0,675.0,288.0,0.815483570098877
110,15,Pedestrian,0,0,0.3217505543966422,685.0,148.0,737.0,286.0,0.8435423970222473
110,14,Pedestrian,0,0,0.0,785.0,149.0,835.0,266.0,0.8548165559768677
111,3,Pedestrian,1,0,-1.4382447944982226,1118.0,120.0,1224.0,363.0,0.7495121955871582
111,12,Pedestrian,0,0,0.6435011087932844,625.0,131.0,680.0,293.0,0.8241776823997498
111,15,Pedestrian,0,0,0.0,688.0,148.0,742.0,288.0,0.8297069072723389
111,14,Pedestrian,0,0,-0.16514867741462683,791.0,148.0,841.0,267.0,0.8410648107528687
112,12,Pedestrian,0,0,0.24497866312686414,629.0,132.0,684.0,292.0,0.7986342906951904
112,15,Pedestrian,0,0,0.0,692.0,148.0,745.0,290.0,0.7968644499778748
112,14,Pedestrian,0,0,0.0,796.0,148.0,847.0,268.0,0.8321807384490967
113,12,Pedestrian,0,0,-0.982793723247329,631.0,129.0,688.0,296.0,0.8191345930099487
113,15,Pedestrian,0,0,-0.19739555984988075,697.0,147.0,754.0,295.0,0.8386130928993225
113,14,Pedestrian,0,0,0.0,804.0,148.0,854.0,266.0,0.8296577334403992
114,12,Pedestrian,0,0,-0.4636476090008061,633.0,128.0,691.0,300.0,0.8179969191551208
114,15,Pedestrian,0,0,0.27829965900511133,704.0,149.0,760.0,296.0,0.8468257784843445
114,14,Pedestrian,0,0,-0.16514867741462683,810.0,147.0,861.0,268.0,0.8172739744186401
115,12,Pedestrian,0,0,1.5707963267948966,633.0,129.0,694.0,306.0,0.8372272253036499
115,15,Pedestrian,0,0,0.0,709.0,149.0,767.0,300.0,0.8573545217514038
115,14,Pedestrian,0,0,0.27829965900511133,817.0,149.0,869.0,272.0,0.8175716996192932
116,12,Pedestrian,0,0,0.7853981633974483,636.0,132.0,698.0,310.0,0.8525723814964294
116,15,Pedestrian,0,0,0.0,712.0,149.0,771.0,302.0,0.8554088473320007
116,14,Pedestrian,0,0,0.0,824.0,149.0,877.0,272.0,0.8419325351715088
117,12,Pedestrian,0,0,-0.4636476090008061,638.0,131.0,702.0,314.0,0.8510043025016785
117,15,Pedestrian,0,0,0.0,716.0,149.0,777.0,307.0,0.8246856331825256
117,14,Pedestrian,0,0,0.0,832.0,149.0,887.0,277.0,0.8389686346054077
118,12,Pedestrian,0,0,0.0,644.0,131.0,711.0,319.0,0.8392724394798279
118,15,Pedestrian,0,0,0.19739555984988075,721.0,150.0,783.0,312.0,0.8136569857597351
118,14,Pedestrian,0,0,0.3217505543966422,841.0,152.0,897.0,282.0,0.8202487230300903
119,12,Pedestrian,0,0,-0.12435499454676144,652.0,130.0,718.0,319.0,0.8160597085952759
119,15,Pedestrian,0,0,0.5880026035475675,724.0,152.0,787.0,316.0,0.8254332542419434
119,14,Pedestrian,0,0,0.0,848.0,152.0,904.0,283.0,0.8391110897064209
120,12,Pedestrian,0,0,0.0,658.0,130.0,725.0,324.0,0.8246827125549316
120,15,Pedestrian,0,0,0.19739555984988075,729.0,153.0,793.0,323.0,0.8657182455062866
120,14,Pedestrian,0,0,-0.12435499454676144,856.0,151.0,913.0,283.0,0.8342117667198181
121,12,Pedestrian,0,0,0.6747409422235526,663.0,134.0,730.0,326.0,0.8672472834587097
121,15,Pedestrian,0,0,-0.19739555984988075,734.0,152.0,800.0,326.0,0.8687326312065125
121,14,Pedestrian,0,0,0.0,866.0,151.0,924.0,286.0,0.8468180298805237
122,12,Pedestrian,0,0,0.12435499454676144,671.0,135.0,739.0,331.0,0.8602433800697327
122,15,Pedestrian,0,0,-0.19739555984988075,739.0,151.0,807.0,332.0,0.8570942878723145
122,14,Pedestrian,0,0,0.09966865249116202,876.0,152.0,936.0,289.0,0.8610337972640991
123,12,Pedestrian,0,0,0.0,678.0,135.0,746.0,331.0,0.803070604801178
123,15,Pedestrian,0,0,0.40489178628508343,746.0,154.0,815.0,335.0,0.8301061391830444
123,14,Pedestrian,0,0,0.09966865249116202,886.0,153.0,947.0,292.0,0.8447675108909607
124,12,Pedestrian,0,0,-0.9505468408120752,683.0,128.0,756.0,339.0,0.8265625238418579
124,15,Pedestrian,0,0,0.14189705460416394,753.0,155.0,824.0,341.0,0.8724250793457031
124,14,Pedestrian,0,0,0.0,896.0,153.0,959.0,297.0,0.8642537593841553
125,12,Pedestrian,0,0,-1.2490457723982544,684.0,125.0,761.0,346.0,0.8241884112358093
125,15,Pedestrian,0,0,-0.12435499454676144,761.0,154.0,835.0,346.0,0.8754727244377136
125,14,Pedestrian,0,0,-0.17985349979247828,907.0,151.0,972.0,300.0,0.8317694664001465
126,12,Pedestrian,0,0,0.7853981633974483,685.0,126.0,766.0,354.0,0.8544865250587463
126,15,Pedestrian,0,0,-0.14189705460416394,768.0,153.0,843.0,350.0,0.8485212326049805
126,14,Pedestrian,0,0,0.13255153229667402,922.0,153.0,988.0,303.0,0.8631055951118469
127,12,Pedestrian,0,0,0.0,690.0,126.0,773.0,357.0,0.8584946393966675
127,15,Pedestrian,0,0,0.0,774.0,153.0,851.0,355.0,0.850041389465332
127,14,Pedestrian,0,0,0.09966865249116202,932.0,154.0,1001.0,309.0,0.8827043771743774
128,12,Pedestrian,0,0,-0.16514867741462683,696.0,125.0,783.0,362.0,0.8350539803504944
128,15,Pedestrian,0,0,0.11065722117389565,783.0,154.0,861.0,357.0,0.8760474324226379
128,14,Pedestrian,0,0,0.0,944.0,154.0,1014.0,311.0,0.8520172238349915
129,12,Pedestrian,0,0,-0.24497866312686414,708.0,122.0,795.0,364.0,0.8552626967430115
129,15,Pedestrian,0,0,0.0,793.0,154.0,873.0,361.0,0.8698462843894958
129,14,Pedestrian,0,0,0.0,954.0,154.0,1024.0,310.0,0.8449537754058838
130,12,Pedestrian,0,0,-0.4182243295792291,717.0,118.0,807.0,365.0,0.8635712265968323
130,15,Pedestrian,0,0,-0.3805063771123649,798.0,152.0,882.0,361.0,0.8880108594894409
130,14,Pedestrian,0,0,-0.08314123188844123,966.0,153.0,1038.0,314.0,0.8685999512672424
131,12,Pedestrian,0,0,0.21866894587394195,726.0,120.0,815.0,364.0,0.8244453072547913
131,15,Pedestrian,0,0,-0.3217505543966422,801.0,151.0,891.0,361.0,0.8271711468696594
131,14,Pedestrian,0,0,0.0,981.0,153.0,1056.0,317.0,0.8573966026306152
132,12,Pedestrian,0,0,0.09966865249116202,736.0,121.0,825.0,363.0,0.8691319823265076
132,15,Pedestrian,0,0,0.05549850524571683,819.0,152.0,910.0,361.0,0.87997967004776
132,14,Pedestrian,0,0,0.0,994.0,153.0,1070.0,319.0,0.8466657996177673
133,12,Pedestrian,0,0,-0.19739555984988075,746.0,119.0,837.0,364.0,0.8841188549995422
133,15,Pedestrian,0,0,0.0,835.0,152.0,928.0,361.0,0.8411259651184082
133,14,Pedestrian,0,0,0.0,1006.0,153.0,1086.0,326.0,0.8322135210037231
134,12,Pedestrian,0,0,-0.507098504392337,755.0,114.0,848.0,364.0,0.8601241111755371
134,15,Pedestrian,0,0,0.06241880999595735,851.0,153.0,945.0,362.0,0.8787456750869751
134,14,Pedestrian,0,0,0.0,1020.0,153.0,1100.0,327.0,0.8560929894447327
135,12,Pedestrian,0,0,-0.19739555984988075,765.0,112.0,857.0,361.0,0.8664738535881042
135,15,Pedestrian,0,0,-0.4993467216801301,862.0,147.0,966.0,362.0,0.8785427212715149
135,14,Pedestrian,0,0,0.058755822715722696,1037.0,154.0,1121.0,334.0,0.8519260287284851
136,12,Pedestrian,0,0,-0.19739555984988075,770.0,111.0,865.0,360.0,0.8634408116340637
136,15,Pedestrian,0,0,0.14189705460416394,876.0,149.0,980.0,362.0,0.8541167974472046
136,14,Pedestrian,0,0,0.05258306161094172,1056.0,155.0,1143.0,339.0,0.8468473553657532
137,12,Pedestrian,0,0,0.40489178628508343,777.0,114.0,874.0,361.0,0.8423835039138794
137,15,Pedestrian,0,0,0.0,891.0,149.0,998.0,362.0,0.8626950979232788
137,14,Pedestrian,0,0,-0.06656816377582381,1071.0,154.0,1162.0,346.0,0.8199260234832764
138,12,Pedestrian,0,0,-0.35877067027057225,785.0,111.0,886.0,361.0,0.8375425338745117
138,15,Pedestrian,0,0,0.13255153229667402,906.0,151.0,1013.0,361.0,0.8286899328231812
138,14,Pedestrian,0,0,0.0,1081.0,154.0,1181.0,353.0,0.7936860918998718
139,12,Pedestrian,0,0,-0.24497866312686414,797.0,108.0,901.0,361.0,0.8421117067337036
139,15,Pedestrian,0,0,0.04345089539153084,929.0,152.0,1043.0,360.0,0.8744232654571533
139,14,Pedestrian,0,0,-0.40489178628508343,1088.0,151.0,1197.0,357.0,0.7996854186058044
139,5,Car,1,0,0.0,0.0,0.0,262.0,362.0,0.5557408928871155
140,12,Pedestrian,0,0,-0.18998828791871572,823.0,103.0,936.0,360.0,0.879744827747345
140,15,Pedestrian,0,0,-0.11710874456686428,946.0,150.0,1071.0,360.0,0.8732172846794128
140,14,Pedestrian,0,0,-0.08314123188844123,1100.0,150.0,1212.0,358.0,0.8087522387504578
141,12,Pedestrian,0,0,-0.24497866312686414,831.0,101.0,946.0,361.0,0.8330096006393433
141,15,Pedestrian,0,0,-0.15264932839526515,959.0,148.0,1092.0,360.0,0.8613321781158447
141,14,Pedestrian,0,0,-1.892546881191539,1097.0,141.0,1216.0,357.0,0.7738409638404846
142,12,Pedestrian,0,0,0.3217505543966422,840.0,104.0,958.0,363.0,0.8276428580284119
142,15,Pedestrian,0,0,0.18822150530477075,980.0,152.0,1117.0,360.0,0.7605294585227966
142,14,Pedestrian,1,0,-0.8760580505981934,1102.0,135.0,1224.0,360.0,0.7014310359954834
143,12,Pedestrian,0,0,0.05258306161094172,859.0,105.0,980.0,363.0,0.838285505771637
143,15,Pedestrian,0,0,0.0302937599187751,1013.0,153.0,1159.0,361.0,0.7628135681152344
144,12,Pedestrian,0,0,-0.13552771398550073,881.0,102.0,1007.0,363.0,0.8362267017364502
144,15,Pedestrian,0,0,0.047583103276983396,1034.0,154.0,1186.0,361.0,0.8730361461639404
